-- MySQL Script generated by MySQL Workbench
-- Thứ ba, 12 Tháng 10 Năm 2021 07:02:03 +07
-- Model: New Model    Version: 1.0
-- MySQL Workbench Forward Engineering

SET @OLD_UNIQUE_CHECKS=@@UNIQUE_CHECKS, UNIQUE_CHECKS=0;
SET @OLD_FOREIGN_KEY_CHECKS=@@FOREIGN_KEY_CHECKS, FOREIGN_KEY_CHECKS=0;
SET @OLD_SQL_MODE=@@SQL_MODE, SQL_MODE='TRADITIONAL,ALLOW_INVALID_DATES';

-- -----------------------------------------------------
-- Schema mydb
-- -----------------------------------------------------
-- -----------------------------------------------------
-- Schema F11_N12_PRO
-- -----------------------------------------------------

-- -----------------------------------------------------
-- Schema F11_N12_PRO
-- -----------------------------------------------------
CREATE SCHEMA IF NOT EXISTS `F11_N12_PRO` ;
USE `F11_N12_PRO` ;

-- -----------------------------------------------------
-- Table `F11_N12_PRO`.`api`
-- -----------------------------------------------------
CREATE TABLE IF NOT EXISTS `F11_N12_PRO`.`api` (
  `id` VARCHAR(36) NOT NULL,
  `url` VARCHAR(70) NOT NULL,
  `method` VARCHAR(35) NULL DEFAULT NULL,
  `router` VARCHAR(45) NOT NULL,
  `feature` VARCHAR(200) NULL DEFAULT NULL,
  `description` VARCHAR(220) NOT NULL DEFAULT '',
  `isDeleted` TINYINT(1) NOT NULL DEFAULT '0',
  `createdBy` VARCHAR(255) NULL DEFAULT NULL,
  `updatedBy` VARCHAR(255) NULL DEFAULT NULL,
  `createdAt` DATETIME NOT NULL,
  `updatedAt` DATETIME NOT NULL,
  PRIMARY KEY (`id`))
ENGINE = InnoDB;


-- -----------------------------------------------------
-- Table `F11_N12_PRO`.`user`
-- -----------------------------------------------------
CREATE TABLE IF NOT EXISTS `F11_N12_PRO`.`user` (
  `id` VARCHAR(36) NOT NULL,
  `userName` VARCHAR(36) NOT NULL,
  `password` VARCHAR(70) NOT NULL,
  `age` INT NULL DEFAULT NULL,
  `email` VARCHAR(36) NULL DEFAULT NULL,
  `phone` VARCHAR(36) NULL DEFAULT NULL,
  `address` VARCHAR(36) NULL DEFAULT NULL,
  `isActive` INT NULL DEFAULT NULL,
  `identityNumber` VARCHAR(36) NULL DEFAULT NULL,
  `socialInsurance` VARCHAR(36) NULL DEFAULT NULL,
  `avatar` VARCHAR(255) NULL DEFAULT NULL,
  `isDeleted` TINYINT(1) NOT NULL DEFAULT '0',
  `createdBy` VARCHAR(255) NULL DEFAULT NULL,
  `updatedBy` VARCHAR(255) NULL DEFAULT NULL,
  `createdAt` DATETIME NOT NULL,
  `updatedAt` DATETIME NOT NULL,
  PRIMARY KEY (`id`))
ENGINE = InnoDB;


-- -----------------------------------------------------
-- Table `F11_N12_PRO`.`employee`
-- -----------------------------------------------------
CREATE TABLE IF NOT EXISTS `F11_N12_PRO`.`employee` (
  `id` VARCHAR(36) NOT NULL,
  `lastName` VARCHAR(70) NOT NULL,
  `firstName` VARCHAR(70) NOT NULL,
  `fullName` VARCHAR(140) NULL DEFAULT NULL,
  `userId` VARCHAR(36) NOT NULL,
  `managerId` VARCHAR(36) NULL DEFAULT NULL,
  `isDeleted` TINYINT(1) NOT NULL DEFAULT '0',
  `createdBy` VARCHAR(255) NULL DEFAULT NULL,
  `updatedBy` VARCHAR(255) NULL DEFAULT NULL,
  `createdAt` DATETIME NOT NULL,
  `updatedAt` DATETIME NOT NULL,
  PRIMARY KEY (`id`),
  INDEX `userId` (`userId` ASC),
  INDEX `managerId` (`managerId` ASC),
  CONSTRAINT `employee_ibfk_1`
    FOREIGN KEY (`userId`)
    REFERENCES `F11_N12_PRO`.`user` (`id`)
    ON UPDATE CASCADE,
  CONSTRAINT `employee_ibfk_2`
    FOREIGN KEY (`managerId`)
    REFERENCES `F11_N12_PRO`.`user` (`id`)
    ON DELETE SET NULL
    ON UPDATE CASCADE)
ENGINE = InnoDB;


-- -----------------------------------------------------
-- Table `F11_N12_PRO`.`form`
-- -----------------------------------------------------
CREATE TABLE IF NOT EXISTS `F11_N12_PRO`.`form` (
  `id` VARCHAR(36) NOT NULL,
  `receiver` VARCHAR(70) NULL DEFAULT NULL,
  `type` INT NULL DEFAULT NULL,
  `userId` VARCHAR(36) NULL DEFAULT NULL,
  `status` VARCHAR(36) NULL DEFAULT NULL,
  `dueDate` DATETIME NULL DEFAULT '2021-11-10 06:27:01',
  `isApproved` INT NULL DEFAULT '0',
  `isRejected` INT NULL DEFAULT '0',
  `isDue` INT NULL DEFAULT '0',
  `isDeleted` TINYINT(1) NOT NULL DEFAULT '0',
  `createdBy` VARCHAR(255) NULL DEFAULT NULL,
  `updatedBy` VARCHAR(255) NULL DEFAULT NULL,
  `createdAt` DATETIME NOT NULL,
  `updatedAt` DATETIME NOT NULL,
  PRIMARY KEY (`id`),
  INDEX `userId` (`userId` ASC),
  CONSTRAINT `form_ibfk_1`
    FOREIGN KEY (`userId`)
    REFERENCES `F11_N12_PRO`.`user` (`id`)
    ON DELETE SET NULL
    ON UPDATE CASCADE)
ENGINE = InnoDB;


-- -----------------------------------------------------
-- Table `F11_N12_PRO`.`formDetail`
-- -----------------------------------------------------
CREATE TABLE IF NOT EXISTS `F11_N12_PRO`.`formDetail` (
  `id` VARCHAR(36) NOT NULL,
  `formId` VARCHAR(45) NULL DEFAULT NULL,
  `content` VARCHAR(225) NULL DEFAULT NULL,
  `managerComment` VARCHAR(200) NOT NULL,
  `isDeleted` TINYINT(1) NOT NULL DEFAULT '0',
  `createdBy` VARCHAR(255) NULL DEFAULT NULL,
  `updatedBy` VARCHAR(255) NULL DEFAULT NULL,
  `createdAt` DATETIME NOT NULL,
  `updatedAt` DATETIME NOT NULL,
  PRIMARY KEY (`id`),
  INDEX `formId` (`formId` ASC),
  CONSTRAINT `formDetail_ibfk_1`
    FOREIGN KEY (`formId`)
    REFERENCES `F11_N12_PRO`.`form` (`id`)
    ON DELETE SET NULL
    ON UPDATE CASCADE)
ENGINE = InnoDB;


-- -----------------------------------------------------
-- Table `F11_N12_PRO`.`role`
-- -----------------------------------------------------
CREATE TABLE IF NOT EXISTS `F11_N12_PRO`.`role` (
  `id` INT NOT NULL AUTO_INCREMENT,
  `name` VARCHAR(70) NOT NULL,
  `description` VARCHAR(100) NOT NULL,
  `isDeleted` TINYINT(1) NOT NULL DEFAULT '0',
  `createdBy` VARCHAR(255) NULL DEFAULT NULL,
  `updatedBy` VARCHAR(255) NULL DEFAULT NULL,
  `createdAt` DATETIME NOT NULL,
  `updatedAt` DATETIME NOT NULL,
  PRIMARY KEY (`id`))
ENGINE = InnoDB
AUTO_INCREMENT = 6;


-- -----------------------------------------------------
-- Table `F11_N12_PRO`.`role_permission`
-- -----------------------------------------------------
CREATE TABLE IF NOT EXISTS `F11_N12_PRO`.`role_permission` (
  `id` VARCHAR(36) NOT NULL,
  `roleId` INT NOT NULL,
  `apiId` VARCHAR(36) NOT NULL,
  `isDeleted` TINYINT(1) NOT NULL DEFAULT '0',
  `createdBy` VARCHAR(255) NULL DEFAULT NULL,
  `updatedBy` VARCHAR(255) NULL DEFAULT NULL,
  `createdAt` DATETIME NOT NULL,
  `updatedAt` DATETIME NOT NULL,
  PRIMARY KEY (`id`),
  UNIQUE INDEX `role_permission_roleId_apiId_unique` (`roleId` ASC, `apiId` ASC),
  INDEX `apiId` (`apiId` ASC),
  CONSTRAINT `role_permission_ibfk_1`
    FOREIGN KEY (`roleId`)
    REFERENCES `F11_N12_PRO`.`role` (`id`)
    ON DELETE CASCADE
    ON UPDATE CASCADE,
  CONSTRAINT `role_permission_ibfk_2`
    FOREIGN KEY (`apiId`)
    REFERENCES `F11_N12_PRO`.`api` (`id`)
    ON DELETE CASCADE
    ON UPDATE CASCADE)
ENGINE = InnoDB;


-- -----------------------------------------------------
-- Table `F11_N12_PRO`.`userRole`
-- -----------------------------------------------------
CREATE TABLE IF NOT EXISTS `F11_N12_PRO`.`userRole` (
  `id` VARCHAR(36) NOT NULL,
  `userId` VARCHAR(36) NULL DEFAULT NULL,
  `roleId` INT NULL DEFAULT NULL,
  `isDeleted` TINYINT(1) NOT NULL DEFAULT '0',
  `createdBy` VARCHAR(255) NULL DEFAULT NULL,
  `updatedBy` VARCHAR(255) NULL DEFAULT NULL,
  `createdAt` DATETIME NOT NULL,
  `updatedAt` DATETIME NOT NULL,
  PRIMARY KEY (`id`),
  UNIQUE INDEX `userRole_userId_roleId_unique` (`userId` ASC, `roleId` ASC),
  INDEX `roleId` (`roleId` ASC),
  CONSTRAINT `userRole_ibfk_1`
    FOREIGN KEY (`userId`)
    REFERENCES `F11_N12_PRO`.`user` (`id`)
    ON DELETE CASCADE
    ON UPDATE CASCADE,
  CONSTRAINT `userRole_ibfk_2`
    FOREIGN KEY (`roleId`)
    REFERENCES `F11_N12_PRO`.`role` (`id`)
    ON DELETE SET NULL
    ON UPDATE CASCADE)
ENGINE = InnoDB;


SET SQL_MODE=@OLD_SQL_MODE;
SET FOREIGN_KEY_CHECKS=@OLD_FOREIGN_KEY_CHECKS;
SET UNIQUE_CHECKS=@OLD_UNIQUE_CHECKS;



-- ----sedder
-- API

INSERT INTO `F11_N12_PRO`.`api` (`id`, `url`, `method`, `router`, `feature`, `description`, `isDeleted`, `createdBy`, `updatedBy`, `createdAt`, `updatedAt`) VALUES ('130', '/api/form/approve', '/put', '/form', 'approve user form', '', '0', 'admin', 'admin', '2021-10-04 17:08:02', '2021-10-04 17:08:02');
INSERT INTO `F11_N12_PRO`.`api` (`id`, `url`, `method`, `router`, `feature`, `description`, `isDeleted`, `createdBy`, `updatedBy`, `createdAt`, `updatedAt`) VALUES ('131', '/api/form/reject', '/put', '/form', 'reject user form', '', '0', 'admin', 'admin', '2021-10-04 17:08:02', '2021-10-04 17:08:02');
INSERT INTO `F11_N12_PRO`.`api` (`id`, `url`, `method`, `router`, `feature`, `description`, `isDeleted`, `createdBy`, `updatedBy`, `createdAt`, `updatedAt`) VALUES ('123', '/api/user/addEmployee', '/post', '/user', 'add employee to your team', '', '0', 'admin', 'admin', '2021-10-04 17:08:02', '2021-10-04 17:08:02');
INSERT INTO `F11_N12_PRO`.`api` (`id`, `url`, `method`, `router`, `feature`, `description`, `isDeleted`, `createdBy`, `updatedBy`, `createdAt`, `updatedAt`) VALUES ('125', '/api/form/create', '/post', '/form', 'create form', '', '0', 'admin', 'admin', '2021-10-04 17:08:02', '2021-10-04 17:08:02');
INSERT INTO `F11_N12_PRO`.`api` (`id`, `url`, `method`, `router`, `feature`, `description`, `isDeleted`, `createdBy`, `updatedBy`, `createdAt`, `updatedAt`) VALUES ('127', '/api/form//modify/comment', '/patch', '/form', 'modify comment', '', '0', 'admin', 'admin', '2021-10-04 17:08:02', '2021-10-04 17:08:02');
INSERT INTO `F11_N12_PRO`.`api` (`id`, `url`, `method`, `router`, `feature`, `description`, `isDeleted`, `createdBy`, `updatedBy`, `createdAt`, `updatedAt`) VALUES ('132', '/api/form/checkDue', '/patch', '/form', 'check due date', '', '0', 'admin', 'admin', '2021-10-04 17:08:02', '2021-10-04 17:08:02');
INSERT INTO `F11_N12_PRO`.`api` (`id`, `url`, `method`, `router`, `feature`, `description`, `isDeleted`, `createdBy`, `updatedBy`, `createdAt`, `updatedAt`) VALUES ('133', '/api/form/close', '/patch', '/form', 'check due date', '', '0', 'admin', 'admin', '2021-10-04 17:08:02', '2021-10-04 17:08:02');
INSERT INTO `F11_N12_PRO`.`api` (`id`, `url`, `method`, `router`, `feature`, `description`, `isDeleted`, `createdBy`, `updatedBy`, `createdAt`, `updatedAt`) VALUES ('121', '/api/user/ViewProfile', '/get', '/user', 'view profile', '', '0', 'admin', 'admin', '2021-10-04 17:08:02', '2021-10-04 17:08:02');
INSERT INTO `F11_N12_PRO`.`api` (`id`, `url`, `method`, `router`, `feature`, `description`, `isDeleted`, `createdBy`, `updatedBy`, `createdAt`, `updatedAt`) VALUES ('122', '/api/user/ViewOwnEmployees', '/get', '/user', 'view employee list', '', '0', 'admin', 'admin', '2021-10-04 17:08:02', '2021-10-04 17:08:02');
INSERT INTO `F11_N12_PRO`.`api` (`id`, `url`, `method`, `router`, `feature`, `description`, `isDeleted`, `createdBy`, `updatedBy`, `createdAt`, `updatedAt`) VALUES ('124', '/api/user/displayEmployeeList', '/get', '/user', 'display all employee avalable', '', '0', 'admin', 'admin', '2021-10-04 17:08:02', '2021-10-04 17:08:02');
INSERT INTO `F11_N12_PRO`.`api` (`id`, `url`, `method`, `router`, `feature`, `description`, `isDeleted`, `createdBy`, `updatedBy`, `createdAt`, `updatedAt`) VALUES ('126', 'api/form/YourEmployeeForm', '/get', '/form', 'view employee\'s form', '', '0', 'admin', 'admin', '2021-10-04 17:08:02', '2021-10-04 17:08:02');
INSERT INTO `F11_N12_PRO`.`api` (`id`, `url`, `method`, `router`, `feature`, `description`, `isDeleted`, `createdBy`, `updatedBy`, `createdAt`, `updatedAt`) VALUES ('128', '/api/form//list/intern', '/get', '/form', 'list intern form', '', '0', 'admin', 'admin', '2021-10-04 17:08:02', '2021-10-04 17:08:02');
INSERT INTO `F11_N12_PRO`.`api` (`id`, `url`, `method`, `router`, `feature`, `description`, `isDeleted`, `createdBy`, `updatedBy`, `createdAt`, `updatedAt`) VALUES ('129', '/api/form//list/evaluate', '/get', '/form', 'list evaluate form', '', '0', 'admin', 'admin', '2021-10-04 17:08:02', '2021-10-04 17:08:02');

-- ---sedder
-- Role

INSERT INTO `F11_N12_PRO`.`role` (`id`, `name`, `description`, `isDeleted`, `createdBy`, `updatedBy`, `createdAt`, `updatedAt`) VALUES ('1', 'admin', 'xxx', '0', 'admin', 'admin', '2021-10-07 07:55:07', '2021-10-07 07:55:07');
INSERT INTO `F11_N12_PRO`.`role` (`id`, `name`, `description`, `isDeleted`, `createdBy`, `updatedBy`, `createdAt`, `updatedAt`) VALUES ('2', 'director', 'xxx', '0', 'admin', 'admin', '2021-10-07 07:55:07', '2021-10-07 07:55:07');
INSERT INTO `F11_N12_PRO`.`role` (`id`, `name`, `description`, `isDeleted`, `createdBy`, `updatedBy`, `createdAt`, `updatedAt`) VALUES ('3', 'hr', 'xxx', '0', 'admin', 'admin', '2021-10-07 07:55:07', '2021-10-07 07:55:07');
INSERT INTO `F11_N12_PRO`.`role` (`id`, `name`, `description`, `isDeleted`, `createdBy`, `updatedBy`, `createdAt`, `updatedAt`) VALUES ('4', 'manager', 'xxx', '0', 'admin', 'admin', '2021-10-07 07:55:07', '2021-10-07 07:55:07');
INSERT INTO `F11_N12_PRO`.`role` (`id`, `name`, `description`, `isDeleted`, `createdBy`, `updatedBy`, `createdAt`, `updatedAt`) VALUES ('5', 'employee', 'xxx', '0', 'admin', 'admin', '2021-10-07 07:55:07', '2021-10-07 07:55:07');

-- ---seeder
-- Role Permission
INSERT INTO `F11_N12_PRO`.`role_permission` (`id`, `roleId`, `apiId`, `isDeleted`, `createdBy`, `updatedBy`, `createdAt`, `updatedAt`) VALUES ('acbe9b2535-11ec-ab9f-c74a9d9acfe3', '3', '124', '0', 'admin', 'admin', '2021-10-04 17:08:20', '2021-10-04 17:08:20');
INSERT INTO `F11_N12_PRO`.`role_permission` (`id`, `roleId`, `apiId`, `isDeleted`, `createdBy`, `updatedBy`, `createdAt`, `updatedAt`) VALUES ('acbe9bb0-2511ec-ab9f-c74a9d9acfe3', '2', '124', '0', 'admin', 'admin', '2021-10-04 17:08:20', '2021-10-04 17:08:20');
INSERT INTO `F11_N12_PRO`.`role_permission` (`id`, `roleId`, `apiId`, `isDeleted`, `createdBy`, `updatedBy`, `createdAt`, `updatedAt`) VALUES ('acbe9bb0-2535-11eab9f-c74a9d9acfe3', '2', '123', '0', 'admin', 'admin', '2021-10-04 17:08:20', '2021-10-04 17:08:20');
INSERT INTO `F11_N12_PRO`.`role_permission` (`id`, `roleId`, `apiId`, `isDeleted`, `createdBy`, `updatedBy`, `createdAt`, `updatedAt`) VALUES ('acbe9bb0-2535-11ec-ab9f-c4a9d9acfe3', '4', '123', '0', 'admin', 'admin', '2021-10-04 17:08:20', '2021-10-04 17:08:20');
INSERT INTO `F11_N12_PRO`.`role_permission` (`id`, `roleId`, `apiId`, `isDeleted`, `createdBy`, `updatedBy`, `createdAt`, `updatedAt`) VALUES ('acbe9bb0-2535ec-ab9f-c74a9d9acfe3', '2', '122', '0', 'admin', 'admin', '2021-10-04 17:08:20', '2021-10-04 17:08:20');
INSERT INTO `F11_N12_PRO`.`role_permission` (`id`, `roleId`, `apiId`, `isDeleted`, `createdBy`, `updatedBy`, `createdAt`, `updatedAt`) VALUES ('acbe9bb0-2535ec-ab9f-c7a9d9acfe3', '4', '122', '0', 'admin', 'admin', '2021-10-04 17:08:20', '2021-10-04 17:08:20');
INSERT INTO `F11_N12_PRO`.`role_permission` (`id`, `roleId`, `apiId`, `isDeleted`, `createdBy`, `updatedBy`, `createdAt`, `updatedAt`) VALUES ('acbe9bb0-255-11ec-ab9f-c74a9d9acfe3', '4', '124', '0', 'admin', 'admin', '2021-10-04 17:08:20', '2021-10-04 17:08:20');
INSERT INTO `F11_N12_PRO`.`role_permission` (`id`, `roleId`, `apiId`, `isDeleted`, `createdBy`, `updatedBy`, `createdAt`, `updatedAt`) VALUES ('b13db17892589-11ec-8cd9a61d5025', '3', '128', '0', 'admin', 'admin', '2021-10-05 03:09:46', '2021-10-05 03:09:46');
INSERT INTO `F11_N12_PRO`.`role_permission` (`id`, `roleId`, `apiId`, `isDeleted`, `createdBy`, `updatedBy`, `createdAt`, `updatedAt`) VALUES ('b1e3db10-2589-11ec-888d9a61d58025', '2', '130', '0', 'admin', 'admin', '2021-10-05 03:09:46', '2021-10-05 03:09:46');
INSERT INTO `F11_N12_PRO`.`role_permission` (`id`, `roleId`, `apiId`, `isDeleted`, `createdBy`, `updatedBy`, `createdAt`, `updatedAt`) VALUES ('b1e3db10-2589-11ec-8c62-dd961d58025', '1', '125', '0', 'admin', 'admin', '2021-10-05 03:09:46', '2021-10-05 03:09:46');
INSERT INTO `F11_N12_PRO`.`role_permission` (`id`, `roleId`, `apiId`, `isDeleted`, `createdBy`, `updatedBy`, `createdAt`, `updatedAt`) VALUES ('b1e3db10-2589-11ec-8c62-dd9a61d58025', '5', '121', '0', 'admin', 'admin', '2021-10-05 03:09:46', '2021-10-05 03:09:46');
INSERT INTO `F11_N12_PRO`.`role_permission` (`id`, `roleId`, `apiId`, `isDeleted`, `createdBy`, `updatedBy`, `createdAt`, `updatedAt`) VALUES ('b1e3db10-2589-11ec-8c69a61d58025', '3', '125', '0', 'admin', 'admin', '2021-10-05 03:09:46', '2021-10-05 03:09:46');
INSERT INTO `F11_N12_PRO`.`role_permission` (`id`, `roleId`, `apiId`, `isDeleted`, `createdBy`, `updatedBy`, `createdAt`, `updatedAt`) VALUES ('b1e3db10-2589-11ec-8cd9a61d5025', '2', '126', '0', 'admin', 'admin', '2021-10-05 03:09:46', '2021-10-05 03:09:46');
INSERT INTO `F11_N12_PRO`.`role_permission` (`id`, `roleId`, `apiId`, `isDeleted`, `createdBy`, `updatedBy`, `createdAt`, `updatedAt`) VALUES ('b1e3db10-2589-11ec-8cd9a61d58025', '2', '125', '0', 'admin', 'admin', '2021-10-05 03:09:46', '2021-10-05 03:09:46');
INSERT INTO `F11_N12_PRO`.`role_permission` (`id`, `roleId`, `apiId`, `isDeleted`, `createdBy`, `updatedBy`, `createdAt`, `updatedAt`) VALUES ('b1e3db1042589-11ec-8cd68885025', '4', '128', '0', 'admin', 'admin', '2021-10-05 03:09:46', '2021-10-05 03:09:46');
INSERT INTO `F11_N12_PRO`.`role_permission` (`id`, `roleId`, `apiId`, `isDeleted`, `createdBy`, `updatedBy`, `createdAt`, `updatedAt`) VALUES ('b1e3db1042589-11ec-8cd7861d5025', '2', '127', '0', 'admin', 'admin', '2021-10-05 03:09:46', '2021-10-05 03:09:46');
INSERT INTO `F11_N12_PRO`.`role_permission` (`id`, `roleId`, `apiId`, `isDeleted`, `createdBy`, `updatedBy`, `createdAt`, `updatedAt`) VALUES ('b1e3db1042589-11ec-8cd9a6145025', '4', '127', '0', 'admin', 'admin', '2021-10-05 03:09:46', '2021-10-05 03:09:46');
INSERT INTO `F11_N12_PRO`.`role_permission` (`id`, `roleId`, `apiId`, `isDeleted`, `createdBy`, `updatedBy`, `createdAt`, `updatedAt`) VALUES ('b1e3db142589-11ec-8cd7826180k25', '4', '129', '0', 'admin', 'admin', '2021-10-05 03:09:46', '2021-10-05 03:09:46');
INSERT INTO `F11_N12_PRO`.`role_permission` (`id`, `roleId`, `apiId`, `isDeleted`, `createdBy`, `updatedBy`, `createdAt`, `updatedAt`) VALUES ('b1e3db142589-11ec-8cd78261d455', '3', '129', '0', 'admin', 'admin', '2021-10-05 03:09:46', '2021-10-05 03:09:46');
INSERT INTO `F11_N12_PRO`.`role_permission` (`id`, `roleId`, `apiId`, `isDeleted`, `createdBy`, `updatedBy`, `createdAt`, `updatedAt`) VALUES ('b1e3db142589-11ec-8cd78261d5025', '2', '128', '0', 'admin', 'admin', '2021-10-05 03:09:46', '2021-10-05 03:09:46');
INSERT INTO `F11_N12_PRO`.`role_permission` (`id`, `roleId`, `apiId`, `isDeleted`, `createdBy`, `updatedBy`, `createdAt`, `updatedAt`) VALUES ('b1e3db142589-11ec-8cd783f1d5025', '2', '129', '0', 'admin', 'admin', '2021-10-05 03:09:46', '2021-10-05 03:09:46');
INSERT INTO `F11_N12_PRO`.`role_permission` (`id`, `roleId`, `apiId`, `isDeleted`, `createdBy`, `updatedBy`, `createdAt`, `updatedAt`) VALUES ('b1e3db349972589-11ec455cda4361d58025', '3', '133', '0', 'admin', 'admin', '2021-10-05 03:09:46', '2021-10-05 03:09:46');
INSERT INTO `F11_N12_PRO`.`role_permission` (`id`, `roleId`, `apiId`, `isDeleted`, `createdBy`, `updatedBy`, `createdAt`, `updatedAt`) VALUES ('b1e3db7892-2589-11ec-8cd9a61d58025', '4', '130', '0', 'admin', 'admin', '2021-10-05 03:09:46', '2021-10-05 03:09:46');
INSERT INTO `F11_N12_PRO`.`role_permission` (`id`, `roleId`, `apiId`, `isDeleted`, `createdBy`, `updatedBy`, `createdAt`, `updatedAt`) VALUES ('b1e3db7892-2589-11ec-8cd9a77Ld58025', '2', '131', '0', 'admin', 'admin', '2021-10-05 03:09:46', '2021-10-05 03:09:46');
INSERT INTO `F11_N12_PRO`.`role_permission` (`id`, `roleId`, `apiId`, `isDeleted`, `createdBy`, `updatedBy`, `createdAt`, `updatedAt`) VALUES ('b1e3db789972589-11ec-8cd9a61d58025', '4', '131', '0', 'admin', 'admin', '2021-10-05 03:09:46', '2021-10-05 03:09:46');
INSERT INTO `F11_N12_PRO`.`role_permission` (`id`, `roleId`, `apiId`, `isDeleted`, `createdBy`, `updatedBy`, `createdAt`, `updatedAt`) VALUES ('b1e3db789972589-11ec-8cda4361438025', '3', '132', '0', 'admin', 'admin', '2021-10-05 03:09:46', '2021-10-05 03:09:46');
INSERT INTO `F11_N12_PRO`.`role_permission` (`id`, `roleId`, `apiId`, `isDeleted`, `createdBy`, `updatedBy`, `createdAt`, `updatedAt`) VALUES ('b1e3db789972589-11ec-8cda4361d58025', '2', '132', '0', 'admin', 'admin', '2021-10-05 03:09:46', '2021-10-05 03:09:46');
INSERT INTO `F11_N12_PRO`.`role_permission` (`id`, `roleId`, `apiId`, `isDeleted`, `createdBy`, `updatedBy`, `createdAt`, `updatedAt`) VALUES ('b1e3db789972589-11ec455cda4361d58025', '2', '133', '0', 'admin', 'admin', '2021-10-05 03:09:46', '2021-10-05 03:09:46');
